{
  "project_info": {
    "project_number": "843632811287",
    "firebase_url": "https://travelmantics-c9c50.firebaseio.com",
    "project_id": "travelmantics-c9c50",
    "storage_bucket": "travelmantics-c9c50.appspot.com"
  },
  "client": [
    {
      "client_info": {
        "mobilesdk_app_id": "1:843632811287:android:b4470d06b32c6715",
        "android_client_info": {
          "package_name": "com.example.travelmantics"
        }
      },
      "oauth_client": [
        {
          "client_id": "843632811287-gtbd37gucl63728a4bh3dc6p60nfggtb.apps.googleusercontent.com",
          "client_type": 1,
          "android_info": {
            "package_name": "com.example.travelmantics",
            "certificate_hash": "ed5db75098756a38e1a40af35cfce0c55dde3abd"
          }
        },
        {
          "client_id": "843632811287-7brd8ihsogb25k9jr94comsf4r00gjou.apps.googleusercontent.com",
          "client_type": 3
        }
      ],
      "api_key": [
        {
          "current_key": "AIzaSyByp_FsqWNQht0keE8HPVJ-NBKrVa8mK_k"
        }
      ],
      "services": {
        "appinvite_service": {
          "other_platform_oauth_client": [
            {
              "client_id": "843632811287-7brd8ihsogb25k9jr94comsf4r00gjou.apps.googleusercontent.com",
              "client_type": 3
            }
          ]
        }
      }
    }
  ],
  "configuration_version": "1"
}